Title,Publish Date,source,Content
Microsoft offers to keep ‘Call of Duty’ on PlayStation for at least a decade as it seeks to close Activision deal,2023-03-08T18:00:00.000Z,https://www.marketwatch.com/story/microsoft-offers-to-keep-call-of-duty-on-playstation-for-at-least-a-decade-as-it-seeks-to-close-activision-deal-a930ba27?siteid=yhoof2,Microsoft proposed licenses that would allow wide availability of Activision Blizzard games for at least a decade in bid to preserve $69 billion acquisition.
Nvidia Stock: FOMO Versus Fundamentals. What Should Investors Do?,2023-03-08T15:15:00.000Z,https://www.fool.com/investing/2023/03/08/nvidia-stock-fomo-versus-fundamentals-what-should/?source=eptyholnk0000202&utm_source=yahoo-host&utm_medium=feed&utm_campaign=article,Sentiment can change on Wall Street as the wind blows; graphics processing unit (GPU) leader Nvidia (NASDAQ: NVDA) declined roughly 59% over the first nine months of 2022. Let's take a breath before rushing to place that buy order; some concerns could keep Nvidia's stock from continuing its skyward trajectory. Here is what the fundamentals say about Nvidia's path forward.
3 Things About AMD That Smart Investors Know,2023-03-08T15:00:00.000Z,https://www.fool.com/investing/2023/03/08/3-things-about-amd-that-smart-investors-know/?source=eptyholnk0000202&utm_source=yahoo-host&utm_medium=feed&utm_campaign=article,"As a leader in computing components, Advanced Micro Devices (NASDAQ: AMD) is a company building the future with lucrative prospects in a variety of industries that all require its hardware to move forward. With its stock showing signs of recovery, now is an excellent time to learn more about this company of the future. Here are three things about AMD that smart investors know."
Beyond the Hype -- Examining Nvidia's Biggest Risks,2023-03-08T11:00:00.000Z,https://www.fool.com/investing/2023/03/08/beyond-the-hype-examining-nvidias-biggest-risks/?source=eptyholnk0000202&utm_source=yahoo-host&utm_medium=feed&utm_campaign=article,"While Nvidia has a massive growth opportunity due to artificial intelligence and popular applications like ChatGPT, investors should also be aware of the potential risks associated with investing in the company."
3 Stocks That Could Be Worth More Than Tesla by 2030,2023-03-08T10:50:00.000Z,https://www.fool.com/investing/2023/03/08/stocks-that-could-be-worth-more-than-tesla-by-2030/?source=eptyholnk0000202&utm_source=yahoo-host&utm_medium=feed&utm_campaign=article,"Tesla (NASDAQ: TSLA) is practically the Rorschach test of stocks. Whatever your take on it is, one thing is certain: Its market cap is a lot lower than it was just a year ago. Here are three stocks that could be worth more than Tesla by 2030."
Look Beyond AI: This $42 Billion Market Could Be a Game Changer for Nvidia,2023-03-08T10:49:00.000Z,https://www.fool.com/investing/2023/03/08/move-beyond-ai-this-market-game-changer-nvidia/?source=eptyholnk0000202&utm_source=yahoo-host&utm_medium=feed&utm_campaign=article,The tech giant established a nice foothold in a fast-growing market that could add billions to its revenue.
Nvidia's Stock Offering -- a Sign of Confidence or Desperation?,2023-03-07T15:15:09.000Z,https://www.fool.com/investing/2023/03/07/nvidias-stock-offering-a-sign-of-confidence-or-des/?source=eptyholnk0000202&utm_source=yahoo-host&utm_medium=feed&utm_campaign=article,Nvidia recently announced a mixed-shelf offering of up to $10 billion. The news shocked many investors as the company has plenty of cash and cash flow.
Intel's Roadmap Changes -- a Sign of Desperation or a Bold Move?,2023-03-07T14:55:41.000Z,https://www.fool.com/investing/2023/03/07/intels-roadmap-changes-a-sign-of-desperation-or-a/?source=eptyholnk0000202&utm_source=yahoo-host&utm_medium=feed&utm_campaign=article,"Intel announced that it would discontinue the development of certain GPU products. While it might seem like more bad news for this semiconductor giant, Intel gives an excellent reason for the changes."
Why Super Micro Computer Gained 35.4% in February,2023-03-07T14:05:00.000Z,https://www.fool.com/investing/2023/03/07/why-super-micro-computer-gained-354-in-february/?source=eptyholnk0000202&utm_source=yahoo-host&utm_medium=feed&utm_campaign=article,"Coming off a short-seller attack in January, Super Micro's second-quarter earnings came in better than feared, and AI enthusiasm helped the stock recover."
"Artificial Intelligence Stocks To Watch: Big Tech Expands AI Products, Services",2023-03-07T13:31:48.000Z,https://www.investors.com/news/technology/artificial-intelligence-stocks/?src=A00220,"When looking for the best artificial intelligence stocks to buy, identify companies using AI technology to improve products or gain a strategic edge."
